{"iob":0.5974929914666668,"activity":0.01568112874779541,"bolusiob":0}
