{"iob":2.06486164,"activity":0.02968888888888888,"bolusiob":0.3837495200000001}
