{"iob":0.2137212890933335,"activity":0.008890299823633156,"bolusiob":0}
