{"iob":0.18069557026666674,"activity":0.008201763668430333,"bolusiob":0}
