{"iob":2.049630538666667,"activity":0.004874074074074073,"bolusiob":1.922894474666667}
