{"iob":2.150674957901111,"activity":0.02165731922398589,"bolusiob":1.348328944711111}
