{"iob":2.0784458807466666,"activity":0.0029659259259259257,"bolusiob":2.028614338986667}
