{"iob":0.06312274969,"activity":0.0032481481481481463,"bolusiob":0}
