{"iob":0.10955554562666675,"activity":0.004514991181657848,"bolusiob":0}
