{"iob":0.5337572244266668,"activity":0.014563668430335092,"bolusiob":0}
