{"iob":0.5198425219866667,"activity":0.012782716049382713,"bolusiob":0}
