{"iob":0.16565096773333324,"activity":0.00789559082892416,"bolusiob":0}
