{"iob":1.0435427471555558,"activity":0.019569382716049383,"bolusiob":0.13522174656}
